topic,letters,prompt,answer
FALCONRY,RATORP,BIT,PART,SNARE,TRAP,MIMIC,PARROT,EAGLE,RAPTOR
MASONRY,RSETECN,OAK,TREE,RIDGE,CREST,CONSTRUCTS,ERECTS,PLAZAS,CENTERS
BRONZE,IIGHMNST,METAL,TIN,CLINK,TING,STRENGTH,MIGHT,FORGING,SMITHING
ALMANAC,AACDELNR,EPOCH,ERA,INTERPRET,READ,ESOTERIC,ARCANE,ALMANAC,CALENDAR
SAILING,AAEEFRRS,DISTANTLY,AFAR,SLACKEN,EASE,SANDBAR,REEF,SAILOR,SEAFARER
ALPHABET,GIINRTW,ARM,WING,SPRIG,TWIG,SUMMONS,WRIT,CUNEIFORM,WRITING
AGRICULTURE,AIFGMNR,FICUS,FIG,CHICKPEAS,GRAM,KERNEL,GRAIN,CULTIVATION,FARMING
HUSBANDRY,ACHINNGR,HARASS,NAG,FUR,HAIR,KIND,CARING,BREEDING,RANCHING
CERAMICS,EOPRTTY,PAN,POT,VENT,PORE,BONFIRE,PYRE,CERAMICS,POTTERY
BOWS,ACEHRRY,EXPERT,ACE,RABBIT,HARE,TRANSMIT,CARRY,BOWMANSHIP,ARCHERY
